name,openinggross,theathers
Avengers: Endgame,"$357,115,007","4,662"
Spider-Man: No Way Home,"$260,138,569","4,336"
Avengers: Infinity War,"$257,698,183","4,474"
Star Wars: Episode VII - The Force Awakens,"$247,966,675","4,134"
Star Wars: Episode VIII - The Last Jedi,"$220,009,584","4,232"
Jurassic World,"$208,806,270","4,274"
The Avengers,"$207,438,708","4,349"
Black Panther,"$202,003,951","4,020"
The Lion King,"$191,770,759","4,725"
Avengers: Age of Ultron,"$191,271,109","4,276"
Doctor Strange in the Multiverse of Madness,"$187,420,998","4,534"
Incredibles 2,"$182,687,905","4,410"
Black Panther: Wakanda Forever,"$181,339,761","4,396"
Captain America: Civil War,"$179,139,142","4,226"
Star Wars: Episode IX - The Rise of Skywalker,"$177,383,864","4,406"
Beauty and the Beast,"$174,750,616","4,210"
Iron Man 3,"$174,144,585","4,253"
Harry Potter and the Deathly Hallows: Part 2,"$169,189,427","4,375"
Batman v Superman: Dawn of Justice,"$166,007,347","4,242"
Barbie,"$162,022,044","4,243"
The Dark Knight Rises,"$160,887,295","4,404"
The Dark Knight,"$158,411,483","4,366"
The Hunger Games: Catching Fire,"$158,074,286","4,163"
Rogue One: A Star Wars Story,"$155,081,681","4,157"
Captain Marvel,"$153,433,423","4,310"
The Hunger Games,"$152,535,747","4,137"
Spider-Man 3,"$151,116,516","4,252"
Jurassic World: Fallen Kingdom,"$148,024,610","4,475"
Furious 7,"$147,187,040","4,004"
Guardians of the Galaxy Vol. 2,"$146,510,104","4,347"
The Super Mario Bros. Movie,"$146,361,865","4,343"
Jurassic World Dominion,"$145,075,625","4,676"
Thor: Love and Thunder,"$144,165,107","4,375"
The Twilight Saga: New Moon,"$142,839,137","4,024"
The Twilight Saga: Breaking Dawn - Part 2,"$141,067,634","4,070"
The Twilight Saga: Breaking Dawn - Part 1,"$138,122,261","4,061"
Pirates of the Caribbean: Dead Man's Chest,"$135,634,554","4,133"
Finding Dory,"$135,060,273","4,305"
Avatar: The Way of Water,"$134,100,226","4,202"
The Batman,"$134,008,624","4,417"
Suicide Squad,"$133,682,248","4,255"
Deadpool,"$132,434,639","3,558"
Frozen II,"$130,263,358","4,440"
Iron Man 2,"$128,122,480","4,380"
Top Gun: Maverick,"$126,707,459","4,735"
Deadpool 2,"$125,507,153","4,349"
Harry Potter and the Deathly Hallows: Part 1,"$125,017,372","4,125"
It,"$123,403,419","4,103"
Thor: Ragnarok,"$122,744,989","4,080"
The Hunger Games: Mockingjay - Part 1,"$121,897,634","4,151"
Shrek the Third,"$121,629,270","4,122"
Toy Story 4,"$120,908,065","4,575"
Spider-Man: Across the Spider-Verse,"$120,663,589","4,313"
Guardians of the Galaxy Vol. 3,"$118,414,021","4,450"
Spider-Man: Homecoming,"$117,027,503","4,348"
Man of Steel,"$116,619,362","4,207"
Alice in Wonderland,"$116,101,023","3,728"
Minions,"$115,718,405","4,301"
Spider-Man,"$114,844,116","3,615"
Pirates of the Caribbean: At World's End,"$114,732,820","4,362"
Toy Story 3,"$110,307,189","4,028"
Transformers: Revenge of the Fallen,"$108,966,307","4,234"
Star Wars: Episode III - Revenge of the Sith,"$108,435,841","3,661"
Shrek 2,"$108,037,878","4,163"
Minions: The Rise of Gru,"$107,010,140","4,391"
Ant-Man and the Wasp: Quantumania,"$106,109,650","4,345"
The Secret Life of Pets,"$104,352,905","4,370"
The Jungle Book,"$103,261,464","4,028"
Wonder Woman,"$103,251,471","4,165"
X-Men: The Last Stand,"$102,750,665","3,690"
Harry Potter and the Goblet of Fire,"$102,685,961","3,858"
The Hunger Games: Mockingjay - Part 2,"$102,665,981","4,175"
Indiana Jones and the Kingdom of the Crystal Skull,"$100,137,835","4,260"
Transformers: Age of Extinction,"$100,038,390","4,233"
The Fate of the Furious,"$98,786,705","4,310"
Iron Man,"$98,618,668","4,105"
Transformers: Dark of the Moon,"$97,852,865","4,088"
Fast & Furious 6,"$97,375,245","3,658"
Joker,"$96,202,337","4,374"
The Little Mermaid,"$95,578,040","4,320"
Captain America: The Winter Soldier,"$95,023,721","3,938"
Guardians of the Galaxy,"$94,320,883","4,080"
Justice League,"$93,842,239","4,051"
Harry Potter and the Prisoner of Azkaban,"$93,687,367","3,855"
Godzilla,"$93,188,384","3,952"
Spider-Man: Far from Home,"$92,579,212","4,634"
The Matrix Reloaded,"$91,774,413","3,603"
The Amazing Spider-Man 2,"$91,608,337","4,324"
Aladdin,"$91,500,929","4,476"
It Chapter Two,"$91,062,152","4,570"
X-Men: Days of Future Past,"$90,823,660","3,996"
Inside Out,"$90,440,272","3,946"
Harry Potter and the Sorcerer's Stone,"$90,294,621","3,672"
Pirates of the Caribbean: On Stranger Tides,"$90,151,958","4,155"
Venom: Let There Be Carnage,"$90,033,210","4,225"
Logan,"$88,411,916","4,071"
Skyfall,"$88,364,714","3,505"
Harry Potter and the Chamber of Secrets,"$88,357,488","3,682"
Spider-Man 2,"$88,156,227","4,152"
Fast Five,"$86,198,765","3,644"
The Hangover Part II,"$85,946,294","3,615"
Thor: The Dark World,"$85,737,841","3,841"
X2,"$85,558,731","3,741"
Fifty Shades of Grey,"$85,171,450","3,646"
Doctor Strange,"$85,058,311","3,882"
X-Men Origins: Wolverine,"$85,058,003","4,099"
The Hobbit: An Unexpected Journey,"$84,617,303","4,045"
Solo: A Star Wars Story,"$84,420,489","4,381"
The Passion of the Christ,"$83,848,082","3,043"
Despicable Me 2,"$83,517,315","3,997"
Oppenheimer,"$82,455,420","3,610"
Monsters University,"$82,429,469","4,004"
Black Widow,"$80,366,312","4,160"
Venom,"$80,255,756","4,250"
Star Wars: Episode II - Attack of the Clones,"$80,027,814","3,161"
Oz the Great and Powerful,"$79,110,453","3,912"
Harry Potter and the Half-Blood Prince,"$77,835,727","4,325"
I Am Legend,"$77,211,321","3,606"
Harry Potter and the Order of the Phoenix,"$77,108,414","4,285"
The Da Vinci Code,"$77,073,388","3,735"
Avatar,"$77,025,481","3,452"
Halloween,"$76,221,545","3,928"
Ant-Man and the Wasp,"$75,812,205","4,206"
Shang-Chi and the Legend of the Ten Rings,"$75,388,688","4,300"
Star Trek,"$75,204,289","3,849"
Zootopia,"$75,063,401","3,827"
Fantastic Beasts and Where to Find Them,"$74,403,387","4,144"
The Simpsons Movie,"$74,036,787","3,922"
John Wick: Chapter 4,"$73,817,950","3,855"
The Hobbit: The Desolation of Smaug,"$73,645,197","3,903"
Austin Powers in Goldmember,"$73,071,188","3,613"
The Lord of the Rings: The Return of the King,"$72,629,713","3,703"
Dawn of the Planet of the Apes,"$72,611,427","3,967"
Despicable Me 3,"$72,434,025","4,529"
The Lost World: Jurassic Park,"$72,132,785","3,281"
Sonic the Hedgehog 2,"$72,105,176","4,234"
Eternals,"$71,297,219","4,090"
Us,"$71,117,625","3,741"
Fast & Furious,"$70,950,500","3,461"
300,"$70,885,301","3,103"
Shrek Forever After,"$70,838,207","4,359"
Transformers,"$70,502,384","4,011"
The Incredibles,"$70,467,623","3,933"
Spectre,"$70,403,148","3,929"
Finding Nemo,"$70,251,710","3,374"
The Lorax,"$70,217,070","3,729"
Star Trek Into Darkness,"$70,165,559","3,868"
F9: The Fast Saga,"$70,043,165","4,179"
Twilight,"$69,637,740","3,419"
Maleficent,"$69,431,298","3,948"
The Bourne Ultimatum,"$69,283,690","3,660"
Pitch Perfect 2,"$69,216,890","3,473"
The Lego Movie,"$69,050,279","3,775"
The Day After Tomorrow,"$68,743,584","3,425"
Planet of the Apes,"$68,532,960","3,500"
The Mummy Returns,"$68,139,035","3,401"
Up,"$68,108,790","3,766"
Ice Age: The Meltdown,"$68,033,544","3,964"
Bruce Almighty,"$67,953,330","3,483"
Cinderella,"$67,877,361","3,845"
Aquaman,"$67,873,522","4,125"
The Grinch,"$67,572,855","4,141"
Quantum of Solace,"$67,528,882","3,451"
Rush Hour 2,"$67,408,222","3,118"
Fast X,"$67,017,410","4,046"
Black Adam,"$67,004,323","4,402"
World War Z,"$66,411,834","3,607"
Brave,"$66,323,594","4,164"
Cars 2,"$66,135,507","4,115"
X-Men: Apocalypse,"$65,769,562","4,150"
Thor,"$65,723,338","3,955"
Teenage Mutant Ninja Turtles,"$65,575,105","3,845"
"The Chronicles of Narnia: The Lion, the Witch and the Wardrobe","$65,556,312","3,616"
2012,"$65,237,614","3,404"
Captain America: The First Avenger,"$65,058,524","3,715"
War of the Worlds,"$64,878,725","3,908"
The Twilight Saga: Eclipse,"$64,832,191","4,468"
Star Wars: Episode I - The Phantom Menace,"$64,820,970","2,970"
Madagascar: Escape 2 Africa,"$63,106,589","4,056"
WALL·E,"$63,087,526","3,992"
Pirates of the Caribbean: Dead Men Tell No Tales,"$62,983,253","4,276"
Inception,"$62,785,337","3,792"
Hancock,"$62,603,879","3,965"
"Monsters, Inc.","$62,577,067","3,237"
Bad Boys for Life,"$62,504,105","3,775"
Sherlock Holmes,"$62,304,277","3,626"
Fantastic Beasts: The Crimes of Grindelwald,"$62,163,104","4,163"
Hulk,"$62,128,420","3,660"
The Lord of the Rings: The Two Towers,"$62,007,528","3,622"
The Amazing Spider-Man,"$62,004,688","4,318"
Mission: Impossible - Fallout,"$61,236,534","4,386"
Clash of the Titans,"$61,235,105","3,777"
Transformers: Rise of the Beasts,"$61,045,464","3,678"
Kong: Skull Island,"$61,025,472","3,846"
Indiana Jones and the Dial of Destiny,"$60,368,101","4,600"
Madagascar 3: Europe's Most Wanted,"$60,316,738","4,258"
Kung Fu Panda,"$60,239,130","4,114"
Straight Outta Compton,"$60,200,180","2,757"
Cars,"$60,119,509","3,985"
Signs,"$60,117,080","3,264"
Fast & Furious Presents: Hobbs & Shaw,"$60,038,950","4,253"
Monsters vs. Aliens,"$59,321,095","4,104"
Star Trek Beyond,"$59,253,211","3,928"
Jumanji: The Next Level,"$59,251,543","4,227"
Jason Bourne,"$59,215,365","4,026"
Pearl Harbor,"$59,078,912","3,214"
Creed III,"$58,370,007","4,007"
Fantastic Four: Rise of the Silver Surfer,"$58,051,684","3,959"
Sonic the Hedgehog,"$58,018,348","4,167"
Hannibal,"$58,003,121","3,230"
Mission: Impossible II,"$57,845,297","3,653"
Ant-Man,"$57,225,526","3,856"
22 Jump Street,"$57,071,445","3,306"
Sex and the City,"$57,038,404","3,285"
John Wick: Chapter 3 - Parabellum,"$56,818,067","3,850"
Moana,"$56,631,401","3,875"
Despicable Me,"$56,397,125","3,476"
War for the Planet of the Apes,"$56,262,929","4,022"
Valentine's Day,"$56,260,707","3,665"
Ralph Breaks the Internet,"$56,237,634","4,017"
Snow White and the Huntsman,"$56,217,700","3,773"
Big Hero 6,"$56,215,889","3,761"
Charlie and the Chocolate Factory,"$56,178,450","3,770"
Fantastic Four,"$56,061,504","3,602"
Gravity,"$55,785,112","3,575"
The Karate Kid,"$55,665,805","3,663"
Mission: Impossible - Rogue Nation,"$55,520,089","3,956"
The Incredible Hulk,"$55,414,050","3,505"
The SpongeBob Movie: Sponge Out of Water,"$55,365,012","3,641"
No Time to Die,"$55,225,007","4,407"
Watchmen,"$55,214,334","3,611"
X-Men: First Class,"$55,101,604","3,641"
How the Grinch Stole Christmas,"$55,082,330","3,127"
The Flash,"$55,043,679","4,234"
The Chronicles of Narnia: Prince Caspian,"$55,034,805","3,929"
How to Train Your Dragon: The Hidden World,"$55,022,245","4,259"
Austin Powers: The Spy Who Shagged Me,"$54,917,604","3,312"
Rise of the Planet of the Apes,"$54,806,191","3,648"
The Hobbit: The Battle of the Five Armies,"$54,724,334","3,875"
G.I. Joe: The Rise of Cobra,"$54,713,046","4,007"
Mission: Impossible - Dead Reckoning Part One,"$54,688,347","4,327"
Divergent,"$54,607,747","3,936"
Men in Black 3,"$54,592,779","4,248"
San Andreas,"$54,588,173","3,777"
X-Men,"$54,471,475","3,025"
Ted,"$54,415,205","3,239"
Pokémon: Detective Pikachu,"$54,365,242","4,202"
The Martian,"$54,308,575","3,831"
Night at the Museum: Battle of the Smithsonian,"$54,173,286","4,096"
Scooby-Doo,"$54,155,312","3,447"
The Nun,"$53,807,379","3,876"
Cars 3,"$53,688,680","4,256"
Shazam!,"$53,505,326","4,217"
Green Lantern,"$53,174,303","3,816"
The Wolverine,"$53,113,752","3,924"
The Lego Batman Movie,"$53,003,468","4,088"
Batman Forever,"$52,784,433","2,842"
Paranormal Activity 3,"$52,568,183","3,321"
Superman Returns,"$52,535,096","4,065"
The Bourne Supremacy,"$52,521,865","3,165"
The Divergent Series: Insurgent,"$52,263,680","3,875"
"I, Robot","$52,179,887","3,420"
Men in Black II,"$52,148,751","3,557"
Home,"$52,107,731","3,708"
Van Helsing,"$51,748,040","3,575"
8 Mile,"$51,240,555","2,470"
Men in Black,"$51,068,455","3,020"
Bohemian Rhapsody,"$51,061,119","4,000"
Prometheus,"$51,050,101","3,396"
Wanted,"$50,927,085","3,175"
Coco,"$50,802,605","3,987"
Jurassic Park III,"$50,771,645","3,434"
The Village,"$50,746,142","3,730"
Lightyear,"$50,577,961","4,255"
Dunkirk,"$50,513,488","3,720"
2 Fast 2 Furious,"$50,472,480","3,408"
Jackass 3D,"$50,353,641","3,081"
Mr. & Mrs. Smith,"$50,342,878","3,424"
Rush Hour 3,"$50,237,000","3,778"
Independence Day,"$50,228,264","2,882"
A Quiet Place,"$50,203,562","3,508"
The Boss Baby,"$50,198,902","3,773"
King Kong,"$50,130,145","3,568"
The Great Gatsby,"$50,085,185","3,535"
Scary Movie 3,"$49,700,000","3,505"
Taken 2,"$49,514,769","3,661"
How to Train Your Dragon 2,"$49,451,322","4,253"
Halloween Kills,"$49,404,980","3,705"
Wreck-It Ralph,"$49,038,712","3,752"
Neighbors,"$49,033,915","3,279"
Alvin and the Chipmunks: The Squeakquel,"$48,875,415","3,700"
Tangled,"$48,767,052","3,603"
Batman Begins,"$48,745,440","3,858"
The Matrix Revolutions,"$48,475,154","3,502"
Hotel Transylvania 2,"$48,464,322","3,754"
The Fault in Our Stars,"$48,002,523","3,173"
Godzilla: King of the Monsters,"$47,776,293","4,108"
Mission: Impossible III,"$47,743,273","4,054"
Lara Croft: Tomb Raider,"$47,735,743","3,308"
Kung Fu Panda 2,"$47,656,302","3,925"
The Longest Yard,"$47,606,480","3,634"
Shark Tale,"$47,604,606","4,016"
A Quiet Place Part II,"$47,547,231","3,726"
Interstellar,"$47,510,360","3,561"
Madagascar,"$47,224,594","4,131"
The Lord of the Rings: The Fellowship of the Ring,"$47,211,490","3,359"
Die Another Day,"$47,072,040","3,314"
Talladega Nights: The Ballad of Ricky Bobby,"$47,042,215","3,803"
Ratatouille,"$47,027,395","3,940"
Jurassic Park,"$47,026,828","2,404"
Troy,"$46,865,412","3,411"
The Secret Life of Pets 2,"$46,652,680","4,561"
Pirates of the Caribbean: The Curse of the Black Pearl,"$46,630,690","3,269"
Ice Age: Continental Drift,"$46,629,259","3,881"
Fifty Shades Darker,"$46,607,250","3,710"
Trolls,"$46,581,142","4,060"
Bad Boys II,"$46,522,560","3,186"
Ice Age,"$46,312,454","3,316"
Angels & Demons,"$46,204,168","3,527"
Meet the Fockers,"$46,120,980","3,518"
Ghostbusters,"$46,018,755","3,963"
Megamind,"$46,016,833","3,944"
Dumbo,"$45,990,748","4,259"
Batman Returns,"$45,687,711","2,644"
Mission: Impossible,"$45,436,830","3,012"
Mad Max: Fury Road,"$45,428,128","3,702"
The Meg,"$45,402,195","4,118"
Ghost Rider,"$45,388,836","3,619"
American Pie 2,"$45,117,985","3,063"
300: Rise of an Empire,"$45,038,460","3,470"
Horton Hears a Who!,"$45,012,998","3,954"
The Hangover,"$44,979,319","3,269"
National Treasure: Book of Secrets,"$44,783,772","3,832"
Transformers: The Last Knight,"$44,680,073","4,069"
xXx,"$44,506,103","3,374"
Scream VI,"$44,447,270","3,675"
Nope,"$44,366,910","3,785"
Alvin and the Chipmunks,"$44,307,417","3,475"
The Peanuts Movie,"$44,213,073","3,897"
Hotel Transylvania 3: Summer Vacation,"$44,076,225","4,267"
Godzilla,"$44,047,541","3,310"
Terminator 3: Rise of the Machines,"$44,041,440","3,504"
TRON: Legacy,"$44,026,211","3,451"
Uncharted,"$44,010,155","4,275"
Ghostbusters: Afterlife,"$44,008,406","4,315"
Lucy,"$43,899,340","3,173"
How to Train Your Dragon,"$43,732,319","4,055"
Noah,"$43,720,472","3,567"
The Croods,"$43,639,736","4,046"
American Gangster,"$43,565,135","3,054"
The Mummy,"$43,369,635","3,210"
Hitch,"$43,142,214","3,575"
A Star Is Born,"$42,908,051","3,686"
Batman & Robin,"$42,872,605","2,934"
Terminator Salvation,"$42,558,390","3,530"
Hotel Transylvania,"$42,522,194","3,349"
Nutty Professor II: The Klumps,"$42,518,830","3,242"
Shrek,"$42,347,760","3,587"
Scary Movie,"$42,346,669","2,912"
Anger Management,"$42,220,847","3,551"
Fantastic Beasts: The Secrets of Dumbledore,"$42,151,256","4,208"
High School Musical 3: Senior Year,"$42,030,184","3,623"
The Conjuring,"$41,855,326","2,903"
Ready Player One,"$41,764,050","4,234"
Ice Age: Dawn of the Dinosaurs,"$41,690,382","4,099"
The Hangover Part III,"$41,671,198","3,555"
Ocean's Eight,"$41,607,378","4,145"
Big Daddy,"$41,536,370","3,027"
Happy Feet,"$41,533,432","3,804"
Ride Along,"$41,516,170","2,663"
Grown Ups 2,"$41,508,572","3,491"
The Perfect Storm,"$41,325,042","3,407"
Kung Fu Panda 3,"$41,282,042","3,955"
The Vow,"$41,202,458","2,958"
Deep Impact,"$41,152,375","3,156"
Once Upon a Time in Hollywood,"$41,082,018","3,659"
Shutter Island,"$41,062,440","2,991"
Twister,"$41,059,405","2,414"
Independence Day: Resurgence,"$41,039,944","4,130"
Madea Goes to Jail,"$41,030,947","2,032"
Dune,"$41,011,174","4,125"
Casino Royale,"$40,833,156","3,434"
Paranormal Activity 2,"$40,678,424","3,216"
Friday the 13th,"$40,570,365","3,105"
Grown Ups,"$40,506,562","3,534"
G.I. Joe: Retaliation,"$40,501,814","3,719"
Batman,"$40,489,746","2,194"
The Mummy: Tomb of the Dragon Emperor,"$40,457,770","3,760"
The Conjuring 2,"$40,406,314","3,343"
Glass,"$40,328,920","3,841"
The Last Airbender,"$40,325,019","3,169"
Daredevil,"$40,310,419","3,471"
Power Rangers,"$40,300,288","3,693"
Insidious: Chapter 2,"$40,272,103","3,049"
Scary Movie 4,"$40,222,875","3,602"
Safe House,"$40,172,720","3,119"
Charlie's Angels,"$40,128,550","3,037"
The Fast and the Furious,"$40,089,015","2,628"
Cloverfield,"$40,058,229","3,411"
Halloween Ends,"$40,050,355","3,901"
Chicken Little,"$40,049,778","3,654"
Click,"$40,011,365","3,749"
Split,"$40,010,975","3,038"
50 First Dates,"$39,852,237","3,591"
Wild Hogs,"$39,699,023","3,287"
Sherlock Holmes: A Game of Shadows,"$39,637,079","3,703"
The Waterboy,"$39,414,071","2,664"
Rio 2,"$39,327,869","3,948"
Rio,"$39,225,962","3,826"
Taken 3,"$39,201,657","3,594"
The Break-Up,"$39,172,785","3,070"
The Good Dinosaur,"$39,155,217","3,749"
Ocean's Twelve,"$39,153,380","3,290"
The Grudge,"$39,128,715","3,245"
Magic Mike,"$39,127,170","2,930"
Onward,"$39,119,861","4,310"
The Heat,"$39,115,043","3,181"
Kingsman: The Golden Circle,"$39,023,010","4,003"
Morbius,"$39,005,895","4,268"
Dinosaur,"$38,854,851","3,257"
Daddy's Home,"$38,740,203","3,271"
Get Smart,"$38,683,480","3,911"
Fifty Shades Freed,"$38,560,195","3,768"
You Don't Mess with the Zohan,"$38,531,374","3,462"
The Legend of Tarzan,"$38,527,856","3,561"
Over the Hedge,"$38,457,003","4,059"
The Cat in the Hat,"$38,329,160","3,464"
Alien vs. Predator,"$38,291,056","3,395"
The Angry Birds Movie,"$38,155,177","3,932"
The Bourne Legacy,"$38,142,825","3,745"
Ocean's Eleven,"$38,107,822","3,075"
Rango,"$38,079,323","3,917"
Inglourious Basterds,"$38,054,676","3,165"
Bee Movie,"$38,021,044","3,928"
Ace Ventura: When Nature Calls,"$37,804,076","2,652"
Charlie's Angels: Full Throttle,"$37,634,221","3,459"
Hop,"$37,543,710","3,579"
Gone Girl,"$37,513,109","3,014"
District 9,"$37,354,308","3,049"
Pacific Rim,"$37,285,325","3,275"
Dungeons & Dragons: Honor Among Thieves,"$37,205,784","3,855"
Mr. Deeds,"$37,162,787","3,231"
Annabelle,"$37,134,255","3,185"
Air Force One,"$37,132,505","2,919"
S.W.A.T.,"$37,062,535","3,202"
Oblivion,"$37,054,485","3,783"
Maleficent: Mistress of Evil,"$36,948,713","3,790"
Red Dragon,"$36,540,945","3,357"
Cowboys & Aliens,"$36,431,290","3,750"
Freddy vs. Jason,"$36,400,000","3,014"
Interview with the Vampire: The Vampire Chronicles,"$36,389,705","2,604"
Marley & Me,"$36,357,586","3,480"
21 Jump Street,"$36,302,612","3,121"
Kingsman: The Secret Service,"$36,206,331","3,204"
Jumanji: Welcome to the Jungle,"$36,169,328","3,765"
Alien: Covenant,"$36,160,621","3,761"
Ocean's Thirteen,"$36,133,403","3,565"
Dumb and Dumber To,"$36,111,775","3,154"
Armageddon,"$36,089,972","3,127"
The Scorpion King,"$36,075,875","3,444"
Robin Hood,"$36,063,385","3,503"
Robots,"$36,045,301","3,776"
The Equalizer 2,"$36,011,640","3,388"
Salt,"$36,011,243","3,612"
Star Wars: Episode IV - A New Hope1997 Special Edition,"$35,906,661","2,104"
"10,000 BC","$35,867,488","3,410"
Rampage,"$35,753,093","4,101"
Minority Report,"$35,677,125","3,001"
Sweet Home Alabama,"$35,648,740","3,293"
The Smurfs,"$35,611,637","3,395"
Creed II,"$35,574,710","3,441"
Battle Los Angeles,"$35,573,187","3,417"
The Other Guys,"$35,543,162","3,651"
Central Intelligence,"$35,535,250","3,508"
The World Is Not Enough,"$35,519,007","3,163"
Super 8,"$35,451,168","3,379"
Spider-Man: Into the Spider-Verse,"$35,363,376","3,813"
Teenage Mutant Ninja Turtles: Out of the Shadows,"$35,316,382","4,071"
Lilo & Stitch,"$35,260,212","3,191"
Sing,"$35,258,145","4,022"
Ride Along 2,"$35,243,095","3,175"
National Treasure,"$35,142,554","3,017"
The Ring Two,"$35,065,237","3,332"
Runaway Bride,"$35,055,556","3,158"
Sully,"$35,028,301","3,525"
Jungle Cruise,"$35,018,731","4,310"
Annabelle: Creation,"$35,006,404","3,502"
Mamma Mia! Here We Go Again,"$34,952,180","3,317"
The Expendables,"$34,825,135","3,270"
Gladiator,"$34,819,017","2,938"
Scream 3,"$34,713,342","3,467"
The Magnificent Seven,"$34,703,397","3,674"
The Equalizer 3,"$34,604,229","3,965"
Identity Thief,"$34,551,025","3,141"
Hellboy II: The Golden Army,"$34,539,115","3,204"
Enchanted,"$34,440,317","3,730"
Couples Retreat,"$34,286,740","3,000"
Sausage Party,"$34,263,534","3,103"
I Now Pronounce You Chuck & Larry,"$34,233,750","3,495"
Tarzan,"$34,221,968","3,005"
Ransom,"$34,216,088","2,676"
Norbit,"$34,195,434","3,136"
The Equalizer,"$34,137,828","3,236"
The Blind Side,"$34,119,372","3,110"
The Lego Movie 2: The Second Part,"$34,115,335","4,303"
Puss in Boots,"$34,077,439","3,952"
The Purge,"$34,058,360","2,536"
Lethal Weapon 4,"$34,048,124","3,117"
Cloudy with a Chance of Meatballs 2,"$34,017,930","4,001"
Get Hard,"$33,803,253","3,175"
The Devil Inside,"$33,732,515","2,285"
Think Like a Man,"$33,636,303","2,015"
The Proposal,"$33,627,598","3,056"
What Women Want,"$33,614,543","3,012"
Saw III,"$33,610,391","3,167"
Epic,"$33,531,068","3,882"
The Green Hornet,"$33,526,876","3,584"
Ted 2,"$33,507,870","3,442"
101 Dalmatians,"$33,504,025","2,794"
Wrath of the Titans,"$33,457,188","3,545"
The Haunting,"$33,435,140","2,808"
Get Out,"$33,377,060","2,781"
Live Free or Die Hard,"$33,369,559","3,408"
American Wedding,"$33,369,440","3,172"
Lethal Weapon 3,"$33,243,086","2,510"
Hustlers,"$33,181,361","3,250"
A Wrinkle in Time,"$33,123,609","3,980"
Superbad,"$33,052,411","2,948"
Tomorrowland,"$33,028,165","3,972"
Blades of Glory,"$33,014,202","3,372"
Insidious: The Red Door,"$33,013,036","3,188"
Birds of Prey,"$33,010,017","4,236"
Rush Hour,"$33,001,803","2,638"
Scream 2,"$32,926,342","2,663"
A Nightmare on Elm Street,"$32,902,299","3,332"
Dark Phoenix,"$32,828,348","3,721"
The Book of Eli,"$32,789,494","3,111"
Blade Runner 2049,"$32,753,122","4,058"
Where the Wild Things Are,"$32,695,407","3,735"
Due Date,"$32,689,406","3,355"
The Nun II,"$32,603,336","3,728"
Blade II,"$32,528,016","2,707"
The Maze Runner,"$32,512,804","3,604"
Spy Kids 3: Game Over,"$32,500,000","3,344"
Hannah Montana: The Movie,"$32,324,487","3,118"
Mr. Peabody & Sherman,"$32,207,057","3,934"
Immortals,"$32,206,425","3,112"
Wedding Crashers,"$32,200,000","2,925"
Elf,"$32,100,000","3,337"
Jackass Presents: Bad Grandpa,"$32,055,177","3,336"
The SpongeBob SquarePants Movie,"$32,018,216","3,212"
Paul Blart: Mall Cop,"$31,832,636","3,144"
Terminator 2: Judgment Day,"$31,765,506","2,274"
Saw IV,"$31,756,764","3,183"
Saw II,"$31,725,652","2,949"
G-Force,"$31,706,934","3,697"
The Mummy,"$31,688,375","4,035"
Godzilla vs. Kong,"$31,625,971","3,064"
Bad Teacher,"$31,603,106","3,049"
The Truman Show,"$31,542,121","2,315"
The Purge: Election Year,"$31,515,110","2,796"
The Wolfman,"$31,479,235","3,222"
Ford v Ferrari,"$31,474,958","3,528"
Liar Liar,"$31,423,025","2,845"
Percy Jackson & the Olympians: The Lightning Thief,"$31,236,067","3,356"
Elvis,"$31,211,579","3,906"
Girls Trip,"$31,201,920","2,591"
Evan Almighty,"$31,192,615","3,604"
The Sum of All Fears,"$31,178,526","3,183"
Home Alone 2: Lost in New York,"$31,126,882","2,222"
Hannah Montana and Miley Cyrus: Best of Both Worlds Concert,"$31,117,834",683
Bringing Down the House,"$31,101,026","2,801"
Four Christmases,"$31,069,826","3,310"
Space Jam: A New Legacy,"$31,053,362","3,965"
Into the Woods,"$31,051,923","2,440"
Pokémon: The First Movie - Mewtwo Strikes Back,"$31,036,678","3,043"
Downton Abbey,"$31,033,665","3,079"
Sex and the City 2,"$31,001,870","3,445"
Step Brothers,"$30,940,732","3,094"
Little Fockers,"$30,833,665","3,536"
Star Trek: First Contact,"$30,716,131","2,812"
Knocked Up,"$30,690,990","2,871"
The Dukes of Hazzard,"$30,675,314","3,785"
Unbroken,"$30,621,445","3,131"
Brüno,"$30,619,130","2,756"
Saving Private Ryan,"$30,576,104","2,463"
The Pacifier,"$30,552,694","3,131"
Bram Stoker's Dracula,"$30,521,679","2,491"
The Happening,"$30,517,109","2,986"
Just Go with It,"$30,514,732","3,548"
The Day the Earth Stood Still,"$30,480,153","3,560"
Dear John,"$30,468,614","2,969"
The Lost City,"$30,453,269","4,253"
John Wick: Chapter 2,"$30,436,123","3,113"
Night at the Museum,"$30,433,781","3,685"
M3GAN,"$30,429,860","3,509"
Olympus Has Fallen,"$30,373,794","3,098"
Unbreakable,"$30,330,771","2,708"
Maze Runner: The Scorch Trials,"$30,316,510","3,791"
Cloudy with a Chance of Meatballs,"$30,304,648","3,119"
The Addams Family,"$30,300,007","4,007"
America's Sweethearts,"$30,181,877","3,011"
John Carter,"$30,180,188","3,749"
The Lion King2011 3D Release,"$30,151,614","2,330"
The X Files,"$30,138,758","2,629"
Django Unchained,"$30,122,888","3,010"
Shazam! Fury of the Gods,"$30,111,158","4,071"
The Best Man Holiday,"$30,107,555","2,024"
Trainwreck,"$30,097,040","3,158"
Prince of Persia: The Sands of Time,"$30,095,259","3,646"
Dodgeball: A True Underdog Story,"$30,070,196","2,694"
A Series of Unfortunate Events,"$30,061,756","3,620"
Sleepy Hollow,"$30,060,467","3,064"
Panic Room,"$30,056,751","3,053"
The Exorcism of Emily Rose,"$30,054,300","2,981"
Saw V,"$30,053,954","3,060"
Catch Me If You Can,"$30,053,627","3,156"
A Christmas Carol,"$30,051,075","3,683"
Men in Black: International,"$30,035,838","4,224"
Madea's Family Reunion,"$30,030,661","2,194"
Bullet Train,"$30,030,156","4,357"
Scream,"$30,018,805","3,664"
Meg 2: The Trench,"$30,002,735","3,503"
The Purge: Anarchy,"$29,816,675","2,805"
Elysium,"$29,807,393","3,284"
Hercules,"$29,800,263","3,595"
Constantine,"$29,769,098","3,006"
What Lies Beneath,"$29,702,959","2,813"
The Flintstones,"$29,688,730","2,498"
Dark Shadows,"$29,685,274","3,755"
Daddy's Home 2,"$29,651,193","3,575"
Creed,"$29,632,823","3,404"
Elemental,"$29,602,429","4,035"
Insidious: The Last Key,"$29,581,355","3,116"
Justin Bieber: Never Say Never,"$29,514,054","3,105"
Ghostbusters II,"$29,472,894","2,410"
Scooby-Doo 2: Monsters Unleashed,"$29,438,331","3,312"
Indiana Jones and the Last Crusade,"$29,355,021","2,327"
A.I. Artificial Intelligence,"$29,352,630","3,242"
Now You See Me,"$29,350,389","2,925"
Beverly Hills Chihuahua,"$29,300,465","3,215"
Why Did I Get Married Too?,"$29,289,537","2,155"
Think Like a Man Too,"$29,241,911","2,225"
The Muppets,"$29,239,026","3,440"
The Lone Ranger,"$29,210,849","3,904"
Eagle Eye,"$29,150,721","3,510"
Toy Story,"$29,140,617","2,457"
The Texas Chainsaw Massacre,"$29,100,000","3,016"
Spy,"$29,085,719","3,711"
Terminator: Dark Fate,"$29,033,832","4,086"
Allegiant,"$29,027,348","3,740"
Doctor Dolittle,"$29,014,324","2,777"
The Santa Clause 2,"$29,008,696","3,350"
Paranormal Activity 4,"$29,003,866","3,412"
Jackass Number Two,"$29,002,002","3,059"
Inside Man,"$28,954,945","2,818"
Cast Away,"$28,883,406","2,774"
Non-Stop,"$28,875,635","3,090"
Miss Peregrine's Home for Peculiar Children,"$28,871,140","3,522"
Edge of Tomorrow,"$28,760,246","3,490"
Murder on the Orient Express,"$28,681,472","3,341"
Titanic,"$28,638,131","2,674"
Meet the Parents,"$28,623,300","2,614"
Obsessed,"$28,612,730","2,514"
The Expendables 2,"$28,591,370","3,316"
Alita: Battle Angel,"$28,525,613","3,790"
Boo! A Madea Halloween,"$28,501,448","2,260"
Anchorman: The Legend of Ron Burgundy,"$28,416,365","3,091"
Mama,"$28,402,310","2,647"
Free Guy,"$28,365,416","4,165"
Nacho Libre,"$28,309,599","3,070"
Horrible Bosses,"$28,302,165","3,040"
The Invisible Man,"$28,205,665","3,610"
Erin Brockovich,"$28,138,465","2,848"
Pacific Rim: Uprising,"$28,116,535","3,708"
Starsky & Hutch,"$28,103,367","3,185"
Sin City,"$28,100,000","3,230"
Teenage Mutant Ninja Turtles: Mutant Mayhem,"$28,007,544","3,858"
Back to the Future Part II,"$27,835,125","1,865"
Hairspray,"$27,800,000","3,121"
The Matrix,"$27,788,331","2,849"
He's Just Not That Into You,"$27,785,487","3,175"
Mamma Mia!,"$27,751,240","2,976"
Big Momma's House 2,"$27,736,056","3,261"
Jarhead,"$27,726,210","2,411"
Along Came Polly,"$27,721,185","2,984"
Wild Wild West,"$27,687,484","3,342"
Daddy Day Care,"$27,623,580","3,370"
The Ugly Truth,"$27,605,576","2,882"
Cheaper by the Dozen,"$27,557,647","3,298"
Wonder,"$27,547,866","3,096"
The Devil Wears Prada,"$27,537,244","2,847"
Space Jam,"$27,528,529","2,650"
After Earth,"$27,520,040","3,401"
Beowulf,"$27,515,871","3,153"
42,"$27,487,144","3,003"
Bedtime Stories,"$27,450,296","3,681"
The Final Destination,"$27,408,309","3,121"
Jumper,"$27,354,808","3,428"
Journey 2: The Mysterious Island,"$27,335,363","3,470"
The Rugrats Movie,"$27,321,470","2,782"
Real Steel,"$27,319,677","3,440"
Les Misérables,"$27,281,735","2,814"
Night School,"$27,257,615","3,010"
Encanto,"$27,206,494","3,980"
Jack the Giant Slayer,"$27,202,226","3,525"
The Bourne Identity,"$27,118,640","2,638"
A Madea Family Funeral,"$27,062,332","2,442"
2 Guns,"$27,059,130","3,025"
Terminator Genisys,"$27,018,486","3,758"
Ender's Game,"$27,017,351","3,407"
The Departed,"$26,887,467","3,017"
Alice Through the Looking Glass,"$26,858,726","3,763"
Underworld: Evolution,"$26,857,181","3,207"
The Curious Case of Benjamin Button,"$26,853,816","2,988"
Zombieland: Double Tap,"$26,803,104","3,468"
Knives Out,"$26,769,548","3,461"
Flubber,"$26,725,207","2,641"
Dawn of the Dead,"$26,722,575","2,745"
The Sixth Sense,"$26,681,262","2,161"
Resident Evil: Afterlife,"$26,650,264","3,203"
The House with a Clock in Its Walls,"$26,608,020","3,592"
The Campaign,"$26,588,460","3,205"
Spy Kids,"$26,546,881","3,104"
The Pursuit of Happyness,"$26,541,709","2,852"
Crazy Rich Asians,"$26,510,140","3,384"
Borat,"$26,455,463",837
All Eyez on Me,"$26,435,354","2,471"
We're the Millers,"$26,419,396","3,260"
Hollow Man,"$26,414,386","2,956"
Don't Breathe,"$26,411,706","3,051"
Halloween,"$26,362,367","3,472"
Beverly Hills Cop II,"$26,348,555","2,326"
The Curse of La Llorona,"$26,347,631","3,372"
Bridesmaids,"$26,247,410","2,918"
Anchorman 2: The Legend Continues,"$26,232,425","3,507"
Bolt,"$26,223,128","3,651"
The Suicide Squad,"$26,205,415","4,002"
GoldenEye,"$26,205,007","2,667"
The Golden Compass,"$26,125,000","3,528"
The Help,"$26,044,590","2,534"
Happy Death Day,"$26,039,025","3,149"
The Perfect Guy,"$25,888,154","2,221"
True Lies,"$25,869,770","2,368"
Tropic Thunder,"$25,812,796","3,319"
Evil Dead,"$25,775,847","3,025"
Rocketman,"$25,725,722","3,610"
Miami Vice,"$25,723,815","3,021"
Captain Phillips,"$25,718,314","3,020"
Fantastic Four,"$25,685,737","3,995"
The A-Team,"$25,669,455","3,535"
Big Momma's House,"$25,661,041","2,802"
About Last Night,"$25,649,011","2,253"
V for Vendetta,"$25,642,340","3,365"
Robin Hood: Prince of Thieves,"$25,625,602","2,369"
Son of God,"$25,601,865","3,260"
Kill Bill: Vol. 2,"$25,600,000","2,971"
Total Recall,"$25,577,758","3,601"
Battleship,"$25,534,825","3,690"
Total Recall,"$25,533,700","2,060"
Penguins of Madagascar,"$25,447,444","3,764"
The Visit,"$25,427,560","3,069"
The Nutty Professor,"$25,411,725","2,115"
The Firm,"$25,400,000","2,393"
Teenage Mutant Ninja Turtles,"$25,398,367","2,006"
Madea's Witness Protection,"$25,390,575","2,161"
Gnomeo & Juliet,"$25,356,909","2,994"
Apollo 13,"$25,353,380","2,197"
Indiana Jones and the Temple of Doom,"$25,337,110","1,687"
Gone in 60 Seconds,"$25,336,048","3,006"
Underworld: Awakening,"$25,306,725","3,078"
Public Enemies,"$25,271,675","3,334"
Patch Adams,"$25,262,280","2,712"
Date Night,"$25,207,599","3,374"
Tomorrow Never Dies,"$25,143,007","2,807"
Meet the Robinsons,"$25,123,781","3,413"
Master and Commander: The Far Side of the World,"$25,105,990","3,101"
The Rock,"$25,069,525","2,392"
Madea's Big Happy Family,"$25,068,677","2,288"
Dr. Dolittle 2,"$25,037,039","3,049"
Blue Beetle,"$25,030,225","3,871"
Vanilla Sky,"$25,015,518","2,742"
Peter Rabbit,"$25,010,928","3,725"
Jack and Jill,"$25,003,575","3,438"
Skyscraper,"$24,905,015","3,782"
Flight,"$24,900,566","1,884"
White House Down,"$24,852,258","3,222"
A Good Day to Die Hard,"$24,834,845","3,553"
True Grit,"$24,830,443","3,047"
The Call of the Wild,"$24,791,624","3,752"
The Other Woman,"$24,763,752","3,205"
Predators,"$24,760,882","2,669"
Zombieland,"$24,733,155","3,036"
10 Cloverfield Lane,"$24,727,437","3,391"
Taken,"$24,717,037","3,183"
The Accountant,"$24,710,273","3,332"
Collateral,"$24,701,458","3,188"
Congo,"$24,642,539","2,649"
The Butler,"$24,637,312","2,933"
The Predator,"$24,632,284","4,037"
Flightplan,"$24,629,938","3,424"
Knowing,"$24,604,751","3,332"
Christopher Robin,"$24,585,139","3,602"
Eraser,"$24,566,446","2,410"
The Girl on the Train,"$24,536,265","3,144"
The Emoji Movie,"$24,531,923","4,075"
Evil Dead Rise,"$24,504,315","3,402"
Pet Sematary,"$24,502,775","3,585"
Act of Valor,"$24,476,632","3,039"
Forrest Gump,"$24,450,602","1,595"
Mean Girls,"$24,432,195","2,839"
Failure to Launch,"$24,411,322","3,057"
Race to Witch Mountain,"$24,402,214","3,187"
Contraband,"$24,349,815","2,863"
The Chronicles of Riddick,"$24,289,165","2,757"
The Haunted Mansion,"$24,278,410","3,122"
The Last Samurai,"$24,271,354","2,908"
TMNT,"$24,255,205","3,110"
No Good Deed,"$24,250,283","2,175"
Barbershop 2: Back in Business,"$24,241,612","2,711"
"Me, Myself & Irene","$24,209,385","3,019"
The Addams Family,"$24,203,754","2,411"
Coach Carter,"$24,182,961","2,524"
Maze Runner: The Death Cure,"$24,167,011","3,787"
Warcraft,"$24,166,110","3,400"
Con Air,"$24,131,738","2,824"
Exodus: Gods and Kings,"$24,115,934","3,503"
White Noise,"$24,113,565","2,261"
21,"$24,105,943","2,648"
The Conjuring: The Devil Made Me Do It,"$24,104,332","3,102"
Haunted Mansion,"$24,082,475","3,740"
Arrival,"$24,074,047","2,317"
Tower Heist,"$24,025,190","3,367"
Pixels,"$24,011,616","3,723"
The Chronicles of Narnia: The Voyage of the Dawn Treader,"$24,005,069","3,555"
Monster-in-Law,"$24,000,000","3,424"
The Fast and the Furious: Tokyo Drift,"$23,973,840","3,027"
The Bad Guys,"$23,950,245","4,008"
Fahrenheit 9/11,"$23,920,637",868
Captain Underpants: The First Epic Movie,"$23,851,539","3,434"
Bad Moms,"$23,817,340","3,215"
The Town,"$23,808,032","2,861"
How to Lose a Guy in 10 Days,"$23,774,850","2,923"
Rise of the Guardians,"$23,773,465","3,653"
Paul Blart: Mall Cop 2,"$23,762,435","3,633"
The Fugitive,"$23,758,855","2,340"
Diary of a Wimpy Kid: Rodrick Rules,"$23,751,502","3,167"
17 Again,"$23,722,310","3,255"
Fury,"$23,702,421","3,173"
Resident Evil: Extinction,"$23,678,580","2,828"
Tomb Raider,"$23,633,317","3,854"
The Black Phone,"$23,633,220","3,150"
Open Season,"$23,624,548","3,833"
Goosebumps,"$23,618,556","3,501"
The Boss,"$23,586,645","3,480"
Dinner for Schmucks,"$23,527,839","2,911"
Mary Poppins Returns,"$23,523,121","4,090"
Dracula Untold,"$23,514,615","2,885"
The Amityville Horror,"$23,507,007","3,323"
Be Cool,"$23,450,212","3,216"
I Can Do Bad All by Myself,"$23,446,785","2,255"
Save the Last Dance,"$23,444,930","2,230"
Once Upon a Time in Mexico,"$23,424,118","3,282"
Face/Off,"$23,387,530","2,621"
The Taking of Pelham 123,"$23,373,102","3,074"
The Polar Express,"$23,323,463","3,650"
Mortal Kombat,"$23,302,503","3,073"
Mortal Kombat,"$23,283,887","2,421"
Cocaine Bear,"$23,260,790","3,534"
Pineapple Express,"$23,245,025","3,072"
Alvin and the Chipmunks: Chipwrecked,"$23,244,744","3,723"
Eragon,"$23,239,907","3,020"
This Is It,"$23,234,394","3,481"
Hellboy,"$23,172,440","3,028"
Double Jeopardy,"$23,162,542","2,547"
Jackass Forever,"$23,154,388","3,604"
The Mask,"$23,117,068","2,360"
Star Trek: Generations,"$23,116,394","2,659"
Eat Pray Love,"$23,104,523","3,082"
The League of Extraordinary Gentlemen,"$23,075,892","3,002"
Smallfoot,"$23,045,635","4,131"
Resident Evil: Apocalypse,"$23,036,273","3,284"
Star Wars: Episode VI - Return of the Jedi,"$23,019,618","1,002"
27 Dresses,"$23,007,725","3,057"
The Haunting in Connecticut,"$23,004,765","2,732"
DC League of Super-Pets,"$23,003,441","4,314"
The Princess Diaries 2: Royal Engagement,"$22,956,453","3,472"
The Game Plan,"$22,950,971","3,103"
Vantage Point,"$22,874,936","3,149"
Jack Reacher: Never Go Back,"$22,872,490","3,780"
The Princess Diaries,"$22,862,269","2,537"
Mission to Mars,"$22,855,247","3,054"
The Interpreter,"$22,822,455","2,758"
Jackass: The Movie,"$22,763,437","2,509"
Man on Fire,"$22,751,490","2,980"
Mulan,"$22,745,143","2,888"
Rugrats in Paris,"$22,718,184","2,934"
Insidious: Chapter 3,"$22,692,741","3,002"
Unstoppable,"$22,688,457","3,207"
Funny People,"$22,657,780","3,007"
Black Mass,"$22,635,037","3,188"
Poltergeist,"$22,620,386","3,240"
The Time Machine,"$22,610,437","2,944"
Smile,"$22,609,925","3,645"
Bridge to Terabithia,"$22,564,612","3,139"
Training Day,"$22,550,788","2,712"
Dick Tracy,"$22,543,911","2,332"
Saw 3D,"$22,530,123","2,808"
The Mask of Zorro,"$22,525,855","2,515"
Heaven Is for Real,"$22,522,221","2,417"
The Lucky One,"$22,518,358","3,155"
Shallow Hal,"$22,518,295","2,770"
Star Wars: Episode I - The Phantom Menace2012 3D Release,"$22,469,932","2,655"
Life of Pi,"$22,451,514","2,927"
The Social Network,"$22,445,653","2,771"
The Patriot,"$22,413,710","3,061"
Contagion,"$22,403,596","3,222"
Now You See Me 2,"$22,383,146","3,232"
Walk the Line,"$22,347,341","2,961"
The General's Daughter,"$22,332,053","2,856"
Sing 2,"$22,326,230","3,892"
Planes,"$22,232,291","3,702"
Disturbia,"$22,224,982","2,925"
"Legally Blonde 2: Red, White & Blonde","$22,220,670","3,350"
Monster House,"$22,217,226","3,553"
Freaky Friday,"$22,203,007","2,954"
Kill Bill: Vol. 1,"$22,200,000","3,102"
Die Hard with a Vengeance,"$22,162,245","2,525"
Poseidon,"$22,155,410","3,555"
Diary of a Wimpy Kid,"$22,126,166","3,077"
Ghost Rider: Spirit of Vengeance,"$22,115,334","3,174"
It's Complicated,"$22,100,820","2,887"
Ladder 49,"$22,088,204","3,260"
Road to Perdition,"$22,079,481","1,797"
Starship Troopers,"$22,058,773","2,971"
Star Trek: Insurrection,"$22,052,836","2,620"
Chronicle,"$22,004,098","2,907"
The Monuments Men,"$22,003,433","3,083"
Candyman,"$22,001,750","3,569"
Star Wars: Episode V - The Empire Strikes Back1997 Special Edition,"$21,975,993","2,111"
Hide and Seek,"$21,959,233","3,005"
Diary of a Mad Black Woman,"$21,905,089","1,483"
Inspector Gadget,"$21,889,138","2,814"
Unknown,"$21,856,389","3,043"
Dolittle,"$21,844,045","4,155"
Stomp the Yard,"$21,833,312","2,051"
Notting Hill,"$21,811,180","2,747"
Lara Croft: Tomb Raider - The Cradle of Life,"$21,783,641","3,222"
RED,"$21,761,408","3,255"
Neighbors 2: Sorority Rising,"$21,760,405","3,384"
Underworld,"$21,753,759","2,915"
Die Hard 2,"$21,744,661","2,507"
Texas Chainsaw,"$21,744,470","2,654"
Garfield,"$21,727,611","3,094"
Shaft,"$21,714,757","2,337"
Cats & Dogs,"$21,707,617","3,040"
Eyes Wide Shut,"$21,706,163","2,411"
Spy Game,"$21,689,125","2,770"
Lights Out,"$21,688,103","2,818"
RoboCop,"$21,681,430","3,372"
My Best Friend's Wedding,"$21,678,377","2,134"
Bumblebee,"$21,654,047","3,550"
Temptation: Confessions of a Marriage Counselor,"$21,641,679","2,047"
London Has Fallen,"$21,635,601","3,490"
Little Man,"$21,613,176","2,533"
When a Stranger Calls,"$21,607,203","2,999"
Fool's Gold,"$21,589,295","3,125"
Tammy,"$21,577,049","3,465"
Christmas with the Kranks,"$21,570,867","3,393"
"You, Me and Dupree","$21,525,560","3,131"
Pete's Dragon,"$21,514,095","3,702"
American Reunion,"$21,514,080","3,192"
Cruella,"$21,496,997","3,892"
The 40-Year-Old Virgin,"$21,422,815","2,845"
The Stepford Wives,"$21,406,781","3,057"
Good Boys,"$21,402,605","3,204"
Safe Haven,"$21,401,594","3,223"
The Forbidden Kingdom,"$21,401,121","3,151"
The Hitman's Bodyguard,"$21,384,504","3,377"
Angel Has Fallen,"$21,380,987","3,286"
Ice Age: Collision Course,"$21,373,064","3,992"
Why Did I Get Married?,"$21,353,789","2,011"
Turbo,"$21,312,625","3,806"
Storks,"$21,311,407","3,922"
My Bloody Valentine,"$21,241,456","2,534"
Happy Feet Two,"$21,237,068","3,606"
Demon Slayer the Movie: Mugen Train,"$21,234,994","1,614"
Boo 2! A Madea Halloween,"$21,226,953","2,388"
Payback,"$21,221,526","2,729"
Four Brothers,"$21,176,925","2,533"
Waterworld,"$21,171,780","2,268"
The Adjustment Bureau,"$21,157,730","2,840"
Dragon Ball Super: Super Hero,"$21,126,919","3,018"
The Hitchhiker's Guide to the Galaxy,"$21,103,203","3,133"
Bride Wars,"$21,058,173","3,226"
13 Going on 30,"$21,054,283","3,438"
Resident Evil: Retribution,"$21,052,227","3,012"
Project X,"$21,051,363","3,055"
Law Abiding Citizen,"$21,039,502","2,890"
The Hunchback of Notre Dame,"$21,037,414","2,778"
